c_builtin,c_builtin_greaterthan,c_quicksort
22,4,0
22,4,13
21,5,14
22,4,13
21,4,12
22,4,14
21,4,14
21,4,12
22,4,13
22,4,14
21,4,13
21,4,13
22,4,14
21,4,13
21,5,12
22,4,12
22,3,13
22,4,13
22,4,12
21,4,12
22,4,13
22,4,13
22,4,14
21,4,12
21,4,13
22,5,12
22,4,13
21,4,13
27,6,13
23,6,16
21,4,13
22,4,13
21,4,12
22,4,13
22,4,13
21,5,13
21,5,12
21,4,13
22,4,14
22,4,11
21,4,12
22,4,12
22,5,12
21,4,14
22,5,13
22,4,12
21,5,14
22,5,13
22,5,13
22,4,13
22,4,13
22,5,13
22,4,13
22,4,12
22,4,13
22,4,12
22,4,14
22,4,14
21,4,13
21,5,13
21,5,12
21,4,12
22,4,13
22,5,12
22,4,12
21,4,13
21,4,13
22,4,12
21,4,14
20,4,12
21,4,14
20,4,14
20,4,12
20,4,11
20,5,12
20,5,12
20,4,11
21,5,12
22,4,13
21,5,12
21,5,12
22,5,14
21,4,12
21,4,13
21,4,12
21,3,11
21,4,13
21,4,13
20,4,12
21,3,13
20,4,12
21,4,11
20,4,13
21,4,12
21,4,11
20,4,13
21,3,13
21,4,13
19,4,12
20,4,12
20,4,12
22,4,12
22,4,13
21,4,13
21,4,13
22,4,13
21,5,12
21,5,13
23,3,14
21,3,12
20,5,13
22,4,13
21,4,13
20,4,12
21,4,12
20,4,13
21,4,11
22,4,13
22,4,13
21,5,13
22,4,12
21,4,13
20,4,12
21,3,12
22,4,12
20,4,12
21,3,13
20,3,13
21,4,13
21,4,12
21,3,13
21,4,13
21,4,12
21,4,13
22,4,13
22,4,12
21,4,13
20,4,12
21,5,12
21,4,12
22,4,13
22,4,12
20,4,13
20,4,12
21,4,11
21,3,13
20,4,13
20,3,11
21,4,13
22,4,13
22,5,13
22,4,13
22,4,13
21,4,13
20,3,12
21,4,14
22,5,12
20,4,12
21,4,12
20,4,12
21,4,13
22,4,13
22,4,12
21,4,13
22,4,13
22,4,13
21,4,12
22,4,13
22,4,11
21,4,12
22,5,13
22,5,12
21,4,14
21,4,12
21,3,12
21,4,14
21,4,12
22,4,12
22,4,13
22,4,13
22,4,12
21,4,13
22,4,13
22,4,12
21,4,12
22,5,13
22,4,12
21,4,13
22,4,13
21,4,13
21,4,13
21,4,13
20,4,12
20,4,12
21,3,12
21,4,13
21,4,13
21,3,13
22,4,13
21,4,12
