java_dualqsort,
171,
152,
146,
146,
141,
143,
144,
141,
141,
141,
157,
143,
144,
141,
143,
142,
141,
142,
139,
141,
142,
141,
141,
140,
140,
143,
141,
142,
142,
156,
143,
141,
141,
148,
142,
151,
141,
140,
141,
145,
142,
141,
141,
142,
141,
145,
142,
141,
141,
141,
145,
142,
143,
144,
143,
144,
151,
142,
140,
142,
143,
145,
140,
143,
179,
142,
142,
143,
140,
143,
141,
142,
141,
143,
146,
143,
141,
149,
141,
140,
146,
146,
144,
141,
141,
143,
145,
143,
156,
154,
152,
144,
173,
147,
148,
156,
151,
143,
143,
146,
145,
142,
148,
147,
142,
140,
142,
140,
139,
141,
140,
142,
139,
137,
138,
139,
143,
138,
141,
140,
143,
139,
139,
142,
143,
142,
138,
143,
139,
140,
140,
139,
141,
146,
156,
141,
140,
140,
140,
140,
145,
140,
159,
140,
140,
141,
141,
139,
139,
142,
147,
147,
144,
144,
146,
150,
145,
143,
141,
142,
142,
145,
192,
143,
147,
145,
146,
147,
145,
161,
144,
151,
147,
142,
144,
157,
144,
150,
143,
148,
144,
155,
148,
177,
145,
144,
176,
140,
143,
145,
144,
146,
148,
143,
141,
144,
153,
143,
156,
147
